fips,age
31039,41.645602532217964
31109,36.537387570904755
31129,45.50409836065573
31101,44.9462285287528
31137,41.18696037192828
31181,43.15428735302553
31043,35.611305303105965
31015,47.10161542470037
31171,43.343490304709135
31089,41.437766961358896
31017,44.79357021996616
31103,48.81761786600495
31007,42.0
31077,43.36247877758913
31095,43.61368152143061
31151,37.10651012373454
31057,45.69167158889545
31157,39.828625975630295
31001,39.389599209259316
31131,40.930177366974775
31099,40.41108545034641
31087,44.01846488052137
31105,44.042951541850215
31127,39.91810097532989
31041,41.85524728588661
31025,40.584654068881434
31143,42.996547093803954
31045,39.19408545814414
31179,37.55940330314331
31071,46.60639918740477
31055,36.39447111724109
31139,40.58701734750979
31141,38.609351658201376
31013,39.89297969025318
31173,32.394518272425245
31011,42.91583204930663
31119,38.104304965953446
31117,45.87651821862348
31145,41.262402088772845
31149,45.006632277081806
31073,43.942211055276374
31067,42.02556593687538
31047,37.719220173765635
31005,39.68898488120949
31085,44.47830802603037
31097,41.91520410175508
31003,42.5477929501429
31165,47.4631217838765
31111,40.77456034828435
31163,45.38053982005999
31113,41.906417112299465
31121,41.75306254029658
31161,43.917651544033546
31133,45.185993111366244
31153,35.74650099361097
31075,41.959871589085076
31021,43.24864530113021
31155,40.42802854759478
31009,45.655913978494624
31051,40.42352732434351
31167,40.3125
31183,46.86590038314176
31061,45.571668345082244
31053,39.89826336660741
31029,41.28899082568807
31019,36.65716184377454
31059,43.78963749542292
31185,40.640251480371376
31159,38.49849571858366
31035,40.71110752861519
31033,41.380471380471384
31069,46.428415895481756
31083,45.17455621301776
31177,40.50499300496889
31091,45.958944281524936
31147,44.10553083280356
31065,43.56330196749358
31093,41.687354538401856
31175,43.476671476671484
31027,41.69590573672935
31169,43.278233060163906
31049,44.02062430323299
31123,41.95045239121069
31079,37.03545058921324
31081,40.812741312741316
31115,44.424698795180724
31063,43.23144271031594
31125,42.77863029269679
31107,43.058569371099374
31135,41.74922172258734
31037,35.834158184704464
31023,41.79478542914172
31031,41.88925997539111
53069,48.34135472370766
53041,41.77926326093152
53031,51.958722572235494
53013,46.25846925972396
53037,38.35642015228956
53061,38.389665033822624
53077,35.367460826792836
53047,41.51885519494354
53063,38.896066932161176
53029,43.277821496106455
53009,46.91937256727573
53065,43.58366686350415
53051,45.51938210434275
53073,39.3200739813389
53007,40.26509067357513
53003,43.727039234788776
53019,46.438180149468984
53017,38.74376568652283
53005,37.220876755222854
53023,44.15730337078651
53033,38.193362251651514
53049,48.49437052200614
53039,44.2164994425864
53055,50.572403594585374
53027,42.679314157818304
53015,40.48778855804617
53071,39.60253456221199
53025,35.450932643017204
53001,32.00025021268078
53011,38.708715572842095
53043,44.174787457720086
53035,40.134713212732024
53075,32.99383282771835
53045,43.24056434219985
53057,41.472156650284425
53053,37.53573559636677
53067,39.8506450147314
53021,32.3385247106761
53059,44.21302656625011
35011,44.66876430205949
35035,38.53052304045044
35003,53.96767791324071
35059,42.477950234047796
35047,43.16031821681269
35055,45.75164257555847
35017,45.013371360841546
35007,45.77480947994306
35043,40.08944585275438
35006,38.738144329896905
35013,36.86424986823713
35021,52.912
35023,41.83087184373511
35053,40.20881168479894
35028,40.71005214518045
35033,46.422694094226934
35015,36.76753335614095
35009,34.80569514237855
35041,35.53702702702702
35045,37.68273124768067
35027,46.41779072143879
35019,41.08023255813954
35057,42.14843800530367
35029,39.33793074359948
35031,35.46126360923115
35039,40.74797667069191
35025,34.0838609821303
35005,37.634218060821794
35049,44.668830391465704
35037,43.71998061311039
35001,39.38208655011404
35051,50.03678991752386
35061,39.66951804715209
46099,36.646954963911064
46067,41.503497462625155
46101,39.74330900243308
46043,42.06504621704895
46039,41.89657549988509
46025,39.81584582441113
46097,41.76534296028881
46073,43.698956780924
46087,38.973684210526315
46081,42.82359541866584
46137,34.85377358490566
46015,40.20181234661129
46119,44.87922358015817
46129,42.290708371665126
46077,42.46061955861511
46055,43.57187993680884
46061,36.49753837242977
46041,31.03258655804481
46027,33.7679459843639
46135,41.084772508109054
46013,39.1653492623394
46079,42.459482691255765
46085,37.072732081459925
46071,33.65819377990431
46033,49.41975033437361
46005,38.5563864954208
46075,43.88815060908083
46021,48.55523255813954
46063,40.18181818181818
46029,39.92941554500339
46009,42.001449065352844
46007,33.9702823179792
46109,38.413315374254374
46121,28.28574236022403
46125,41.415553435114504
46035,39.85132743362832
46117,40.52001291155584
46003,40.85677935296256
46103,39.953372885080206
46083,35.994568773720715
46105,45.010471204188484
46011,34.04521481312541
46017,29.80071355759429
46095,35.65114022319262
46107,45.80399442638179
46047,47.46476984954567
46065,39.526246719160106
46069,44.17909300538048
46057,35.73377676833225
46045,42.366936536954825
46059,44.276715763083665
46115,41.946675031367626
46049,41.699869508481946
46019,40.61875539361396
46093,38.37706480304956
46089,44.08070617906684
46113,29.566833603724337
46023,37.888398622470945
46127,39.82356264122521
46037,44.09623893805309
46123,42.05238007719169
46111,40.385238907849825
46031,32.7488986784141
46053,43.291517323775395
46051,42.3048780487805
46091,40.88753799392097
48327,48.0710944808232
48189,35.86352751002814
48011,43.0863804981452
48057,39.54720526068577
48077,44.117753796199025
48361,38.627715957599875
48177,38.16499496088689
48147,40.76048882130991
48265,45.00351711026615
48391,42.44257340241796
48247,36.46346153846154
48127,36.975306203081786
48353,38.75411173032486
48041,32.54290588148038
48245,37.6868801303838
48027,33.93132722002402
48019,47.17826237452405
48215,32.86896962957591
48413,39.98245614035088
48181,39.49610900654861
48107,39.21544361164372
48119,41.05458638154193
48507,35.04687500000001
48397,36.97531334890149
48133,41.717047930283215
48123,41.140128968253975
48005,38.23646427953641
48309,36.33067184157304
48277,40.105958803826795
48289,43.10980234428867
48433,44.56296296296296
48311,45.08882907133243
48435,40.38983050847458
48157,36.022438424616354
48367,38.76391746804967
48271,42.95445868557404
48149,44.70358241931665
48045,44.341526520051744
48203,38.92838790137185
48383,34.62275915822292
48083,44.80061162079512
48357,34.322590483936565
48103,35.360433604336045
48477,41.34521487096594
48305,38.07292891950933
48333,45.66098912374307
48359,40.00189393939394
48403,47.31350787326883
48223,39.667322834645674
48225,43.136581330546846
48029,35.68852549020391
48461,36.574788077659285
48143,36.18872078317485
48381,37.700260687081105
48401,39.417748042495326
48099,34.507471922686996
48091,40.53593582956168
48007,46.45406210123351
48237,39.280358142137665
48211,36.808850484420006
48417,42.03215926493108
48407,42.769430680203754
48259,41.01361978452911
48481,38.470786408701514
48153,38.92752100840337
48255,37.35093904236908
48257,35.55880106350162
48131,38.18356188939679
48251,37.28174181108766
48159,41.962237762237756
48137,44.73550724637682
48473,34.271024146544555
48323,33.250383161336465
48273,34.21072359843547
48165,31.178764191327
48317,34.17380003465604
48037,38.89436430907823
48003,33.189788826516974
48375,35.73921560277647
48169,37.45031305185424
48055,37.68328600219861
48369,36.4487246225924
48449,36.03770992366412
48445,36.552565453513814
48155,45.79220779220779
48385,47.57647740440324
48065,41.36550793115086
48275,39.80704148471615
48209,35.011716357285906
48325,39.329889112903224
48345,45.9375
48485,37.25682522876806
48329,33.788392372421285
48469,37.875124885973676
48457,42.41758951642674
48145,40.35000289067467
48377,40.49716587112171
48489,36.10103942316697
48303,34.975699441991964
48213,42.41130328631688
48471,38.21870332049719
48167,38.23002639278188
48201,35.050518476871424
48115,36.36950031426776
48371,36.80566264298806
48347,36.047911171093794
48187,37.51367420451072
48439,35.77106703162641
48239,39.049457994579946
48437,38.33297282682169
48431,37.06196746707978
48495,34.958801498127336
48163,34.897665714567125
48295,39.93226105784102
48087,39.43664383561643
48089,41.753408086353694
48497,38.58314757658894
48173,37.46841731724628
48419,38.80917148057293
48093,42.95159515951595
48053,42.749558716644174
48179,38.19391391757287
48229,38.03254195661073
48067,42.45543861986278
48139,36.67850843496045
48097,39.924473422691904
48491,36.52937172234067
48079,37.853487556957596
48467,41.202685986923484
48129,42.50640634533253
48253,39.8967285764079
48185,40.05141966759003
48235,41.830729166666664
48349,38.327998722886285
48047,37.50965740871282
48111,33.71675586661178
48231,38.47747327423575
48335,37.469865418373324
48499,45.009947517512465
48075,37.79797426772516
48243,53.76781002638522
48337,42.15490967807043
48049,41.19382526938517
48207,43.27165075998585
48151,43.4490861618799
48095,45.3914159941306
48081,44.125775022143486
48373,41.72338519658054
48101,42.85836909871246
48503,41.095502498611886
48287,41.06868147804397
48073,38.58131671921894
48191,43.03407557354926
48221,43.67626494492481
48009,41.867298024085116
48023,42.6198347107438
48405,45.51341507830521
48313,37.64477737328479
48331,41.17757724690811
48389,35.5863169754632
48355,37.41769943747343
48063,38.84015579654804
48161,41.13703910331186
48399,41.1762470771629
48443,47.1159793814433
48117,34.326377655559156
48315,46.053683783235236
48291,36.00129223863341
48241,40.720341129781296
48195,36.30357473606223
48071,35.52601683509364
48199,39.13638415332801
48085,36.436297391590074
48039,36.32049302096915
48447,46.523650899400394
48021,38.22369622307632
48415,37.64838651739208
48135,32.69238312387575
48293,40.63186414643513
48121,36.108855092441786
48387,44.408716626465946
48321,38.57860982998117
48197,42.547927790490725
48363,40.73873719551886
48297,41.85582043090031
48421,37.94473858371939
48463,37.087693055607495
48017,35.59357142857143
48109,41.64993090741593
48013,36.745078490020134
48493,39.4169766986489
48427,32.527207463679545
48113,35.23557322361162
48267,46.40627161632465
48307,42.061372745490985
48105,39.42061200923788
48217,41.043902971431685
48263,44.72309711286089
48141,35.15651221703497
48301,34.60355029585799
48125,42.990502035278155
48283,35.94082446808511
48279,38.04009927867835
48015,40.493939797549274
48233,38.59852899035247
48465,35.001325854156036
48423,38.21496792709806
48395,40.48365936511655
48171,46.06124944419743
48269,40.69485294117648
48451,37.09672818791947
48501,33.41742224262596
48425,41.297217353198945
48261,38.50990099009901
48033,45.50152905198776
48411,42.22625928984311
48051,41.95364094778508
48025,36.74619990787656
48455,44.942461265442624
48069,36.90438247011952
48043,43.47614908182114
48183,37.47549316228972
48475,35.57017836306052
48487,40.192497454773275
48193,43.49273135563172
48429,40.72517616912235
48285,42.26595216830406
48035,43.9009900990099
48175,43.40376077304779
48393,41.619437939110064
48059,42.08929211790863
48379,44.149192903947586
48343,41.65167904423637
48281,41.87142990479746
48459,40.34059828036308
48483,40.170490506329116
48409,37.15705080173834
48341,33.65401146131805
48479,32.18541344360424
48031,45.554605649149266
48351,42.40198602427363
48219,36.73567612180184
48365,40.42114339915496
48001,39.51303368840391
48061,34.95159312132677
48339,37.04857661703911
48299,50.69029593943566
48319,45.591483387927
48441,35.915557036672126
48205,39.63540172166428
48249,36.88945704263624
48505,33.49411100923902
48453,35.95116307182205
48227,37.604680340388384
06091,48.53078202995008
06067,37.776233877857656
06083,37.16877977330297
06009,46.61256943688051
06111,39.08209516244566
06037,38.15763135107535
06097,42.06790927628171
06031,33.976494049954226
06073,37.93121710555877
06061,41.29329775135629
06075,40.855225290936744
06041,44.024274995556866
06043,47.052897750392376
06035,39.380531841821224
06055,41.50052270879313
06089,41.42822634384718
06053,36.43208443052935
06105,46.72364672364672
06045,42.39182007861762
06027,43.34680414657132
06051,40.708114095818324
06109,45.52995704688131
06095,39.15333424179536
06071,35.53562131751744
06013,39.54924899828872
06003,45.148804251550054
06017,43.398339581939716
06113,35.482290249433106
06115,35.36642599277978
06069,36.810931728442235
06023,39.933983977338116
06065,37.37398210759888
06029,34.1921524280106
06011,36.792082424467445
06015,40.58694088882497
06049,45.17611129962675
06019,34.913549280803444
06039,36.148302579976736
06085,38.22559459958545
06103,40.37540716612378
06077,35.99169846276577
06001,38.6701229979256
06057,46.539221091674605
06007,39.06616754719735
06047,33.919925813886486
06107,33.86680466328468
06099,36.05128391384884
06059,38.959916137963006
06025,35.09563226002263
06101,37.59533262521786
06005,46.744163815657075
06033,42.7965240890877
06063,46.51826447599297
06081,40.14749541139591
06093,44.23248122373045
06087,39.333966538927505
06021,37.374388053393446
06079,41.101659773021886
21053,41.19504795458994
21003,40.01688951442646
21231,42.53509073919244
21209,36.573012420181044
21061,43.02798353909464
21001,40.78137693990209
21077,38.35302739880482
21097,40.536482050195914
21017,41.078734586618154
21193,40.015373864430465
21055,41.94151714739951
21119,41.39315142509793
21127,40.05053208852908
21175,41.26177774438351
21177,41.16350989484684
21087,42.63248331962344
21237,41.19030319966466
21201,43.31641366223909
21129,41.26313656625693
21117,38.19127175175751
21151,36.90659984729048
21159,40.33139794551139
21189,41.11664779161948
21051,39.50012562182805
21095,40.597462514417536
21063,42.254755886656916
21067,37.110102985591915
21091,39.40942444393488
21059,39.06297839642994
21197,38.91318067804839
21083,39.97684216175602
21113,38.45800609812437
21171,40.788262910798124
21081,37.21859667318201
21217,39.25445302495246
21089,42.11282694170608
21101,40.33278035832781
21141,40.138698251051586
21031,40.699433185806356
21071,40.82519879738121
21021,40.658183632734534
21065,41.31979299588827
21029,39.95919241882561
21015,37.53211160269799
21229,40.43819760231501
21039,41.59033613445378
21235,37.44934370174278
21183,39.688380428440446
21161,40.200937316930286
21023,39.995905094544135
21043,40.664962495801774
21107,40.600792194423306
21013,41.23133066994469
21195,41.58091436865022
21025,40.987727632620754
21227,35.771332470503246
21105,45.3824200913242
21145,41.204194564187226
21225,39.58813712537376
21131,41.33178090513314
21143,46.397076735688195
21121,39.4644405201477
21035,38.731494064254754
21109,40.35996698927151
21007,42.61866125760648
21103,40.23173756666253
21167,41.114348242374504
21135,40.952919020715626
21221,43.22107705958638
21157,42.891318327974275
21099,39.221696874179145
21137,40.230070471302284
21199,40.843164714754
21037,39.368300136775524
21057,43.06743271847596
21125,39.44848963215102
21085,39.88965830400726
21153,40.62017926157388
21173,39.109777320026986
21123,40.267120433393536
21139,43.37807265608005
21211,39.20800016318538
21219,38.10867089637222
21027,41.24549494554867
21213,39.13520353219901
21205,36.26144726083401
21041,38.103847239206104
21111,39.23534966097473
21075,41.46389680013403
21093,37.664801095910164
21047,33.347341082300844
21005,39.467578142172584
21185,38.023817721822184
21203,41.38095238095238
21223,40.82599456970842
21009,39.91724106759474
21147,39.27061691138065
21191,40.07470870459219
21215,39.780993230324015
21133,41.56618568180764
21049,40.44262747152746
21239,41.20083040323185
21149,41.09145215596828
21073,40.4948324214077
21165,43.17660656495608
21155,39.37300887251596
21069,39.74329607022838
21033,41.6285400486389
21079,41.30346428167101
21045,40.887307382882604
21169,40.84519908648595
21207,41.40467555654745
21163,39.06688366232675
21179,39.15214240910173
21187,41.214292266764524
21011,38.93439999999999
21181,39.49208969596918
21019,41.67410848067126
21115,40.77005588606454
21233,40.07409983001083
39063,39.819497776546186
39003,39.5294818809782
39085,42.43124236907394
39047,40.0920245398773
39017,37.91688547609975
39115,42.787151916184165
39133,39.65086233427302
39145,40.478636110152166
39163,41.18876576232327
39125,40.586386032562125
39069,40.73861364141302
39051,40.2339885106585
39015,40.68461042549273
39091,40.540024522683474
39155,42.65003485306151
39131,40.26137836670027
39111,43.750769005419656
39087,41.1040647125103
39001,40.33923026933353
39033,41.99168554489806
39059,41.26289389067524
39161,40.62228116710875
39129,39.56462014814308
39119,40.05103520269095
39139,40.9274807270086
39021,40.659894560884666
39169,39.31613516549995
39123,45.59888957433682
39067,43.13929521276596
39023,40.66276858363849
39073,41.44222332295501
39109,40.588286427322934
39041,37.932822442237914
39037,40.84647741279126
39057,39.5783872094331
39005,40.16543265275596
39095,39.04861467778536
39007,41.28414968994559
39135,41.36133261582114
39079,39.495603615833154
39151,41.2606029044322
39099,42.27828916010373
39157,40.88989748551426
39071,40.36820277565395
39117,40.85841259057972
39101,40.56136604550412
39127,39.771351082083356
39043,42.921484932539784
39027,39.81273827678231
39093,40.794963738530114
39039,40.42531572452543
39009,36.36993892265067
39081,42.75200918484501
39143,41.13300181140846
39113,39.906061272891755
39011,40.22838181181005
39055,42.1213040181956
39061,38.35099263217256
39075,35.04697452229299
39029,42.59494714525485
39019,42.828379282158
39013,42.91775363400293
39141,40.47122583674641
39167,42.57593764083391
39097,40.12546108962465
39065,37.836760720548384
39025,39.89049935086326
39121,46.6055185801442
39137,39.528277369244854
39105,42.17549220762212
39049,36.24189827120591
39077,39.61275872721656
39173,37.79572991277892
39147,40.201094639167785
39171,40.853156001308186
39159,37.33303383739066
39035,40.68136432531869
39165,38.79800257457311
39045,39.02692068488456
39083,39.67762587850197
39089,39.49754045527021
39153,40.79119355727127
39149,39.28112780407492
39103,41.054276590299644
39053,40.63051040203358
39031,40.6129781420765
39175,41.26488149917325
39107,39.107986009909645
01027,42.426520589346424
01091,40.82786407252294
01049,39.44088487407884
01019,44.06558253168423
01065,40.46085591427207
01105,40.08472486831783
01033,41.394743035064536
01063,42.37849833559364
01013,41.47475318798848
01081,35.8243731083857
01097,38.79697974395586
01057,42.093853514906144
01017,41.56907439706501
01125,36.54815982422202
01131,40.32546032970211
01095,38.83809700952736
01053,39.981601288455764
01083,39.32325734216247
01009,40.25856880987791
01099,42.131915304104574
01093,42.32060991618702
01085,41.160497635204614
01037,45.608740504548436
01109,36.74346197982726
01119,39.15297336444837
01133,42.874984129671176
01121,40.681512415914376
01071,42.002227559756705
01003,41.93600885169822
01011,39.903177903177905
01001,39.110204227747055
01087,40.788742528226706
01115,39.812583787648585
01023,43.75788386686791
01043,40.31624247922835
01117,39.14343460326501
01047,40.19792450801161
01107,41.563472152533876
01077,41.294449417118706
01029,41.070422535211264
01005,40.92206108725593
01061,41.767614479844696
01045,39.089705523468645
01123,42.747764262888
01025,41.6003725340784
01069,39.874095691430085
01129,41.22791865735636
01089,39.05462994993417
01041,40.79501887888469
01015,40.096562651291755
01079,41.24492771230713
01103,40.06858346075753
01075,42.575153929735606
01113,37.886371870740675
01059,38.85287928065813
01035,43.20493909008038
01051,39.06128631063059
01073,38.74567587799682
01127,40.86557201555391
01111,41.8745709004489
01101,37.977786706463085
01007,40.030722514959365
01055,40.89031759690226
01021,39.3105924191951
01031,39.26567574796531
01039,41.917541634052206
01067,43.12118570183087
13189,39.29072822822823
13025,39.731697106075664
13171,39.003721759186455
13115,38.89658673272553
13273,40.52596413081702
13063,34.20508732070514
13073,37.37597151498909
13193,40.72518730207771
13049,39.678838112305854
13233,38.066106587191705
13089,37.09390923446293
13227,43.08526893927771
13119,40.263094779219664
13265,46.48275862068965
13045,36.742566171078074
13075,38.624203821656046
13279,38.1626910175177
13181,44.37533139755082
13145,41.565501191962774
13251,41.25354432192467
13297,38.59472688253888
13129,38.49871469730691
13147,42.56992940278573
13293,40.339095744680854
13013,36.54072561268621
13183,34.73684748709034
13223,36.129082748848326
13079,42.12052563689132
13291,49.16515034066339
13137,39.98138016237205
13319,41.44717444717444
13199,41.72669721736665
13053,27.566150178784262
13019,39.46558746197865
13113,41.00385418760542
13141,44.48255882700721
13277,37.32108060230292
13143,38.84395139634801
13061,44.805222300635144
13015,38.20625962984277
13139,37.9182111220352
13283,39.7075786117954
13037,40.89158183874617
13099,39.96221786064769
13043,39.37989447375728
13215,36.49529802982086
13081,40.12958161988199
13261,38.33213656686086
13059,34.133311514754816
13077,38.34645038347844
13023,39.14596442165773
13033,38.29071170084438
13197,42.62028950831439
13159,40.26429425416696
13151,36.82769940441932
13003,37.16411512553582
13263,45.84503631961259
13085,41.81423318523058
13167,41.56082132116562
13303,40.2686266810641
13091,41.43387527299199
13039,36.35919950243294
13225,38.74108763522835
13311,43.024904214559385
13163,39.983335503189686
13289,43.99815270935961
13095,37.862874619127744
13047,40.31436815625925
13097,36.560621280143216
13211,41.37201701597842
13031,34.31886242588685
13309,39.43602800763844
13109,38.070020649521304
13307,44.50671269658611
13169,40.3826344179572
13135,35.64571428571429
13321,41.12184521163629
13229,39.24813768302081
13231,39.55511022044089
13259,39.329708503247254
13285,37.910014015617406
13257,40.31533269045323
13107,38.141261149871944
13071,37.79243421052631
13245,37.164232315152226
13011,40.2432151398565
13305,38.50917231931033
13101,37.03619570644034
13179,31.87352486367706
13247,38.445498151733844
13105,41.68870480358445
13315,40.657788071800816
13281,48.45343524133921
13093,43.548170276325614
13235,43.56819610307983
13069,36.96568298939292
13299,38.91162478311972
13001,39.26667029261394
13121,36.984515060572186
13249,40.01883203347917
13029,34.47407070936482
13065,38.40752493200363
13185,34.76084697545271
13287,39.428929242329374
13243,43.45691944526408
13161,38.03969566655639
13213,38.33916101356745
13017,39.38922155688623
13173,37.85771850714765
13239,47.04567203131796
13221,41.50422701356577
13155,40.02676295666951
13269,42.53927680798005
13209,39.57959005669429
13133,45.91781270464964
13301,43.61781499809669
13165,39.8838174273859
13149,40.331376331460206
13295,40.96073737475093
13051,38.36580520333069
13241,46.416467292991776
13219,38.55014895729891
13027,41.616031571456304
13271,42.2890920554855
13201,41.99562784190277
13175,39.33416060236403
13103,36.23307826303348
13195,39.86362115127175
13067,37.34717243248292
13253,43.163782447466005
13237,44.029024820290246
13007,43.80546412113232
13275,39.962700501676004
13057,38.47818744614005
13055,39.908144741619274
13087,38.70693834267536
13205,39.42258610437725
13217,36.79551474799541
13131,39.67141639264401
13021,37.824894390796494
13005,38.293443210318884
13157,37.781821669841186
13267,38.840939650399434
13317,43.35675565101769
13125,41.18545944126557
13313,37.15344840769202
13255,39.43962040687826
13035,39.288257940327235
13187,39.291579886938415
13083,41.31403574087862
13153,36.691156255740744
13191,46.814299624426205
13207,41.59279135542823
13117,37.08849466943976
13127,41.57428598227266
13009,38.44085542437069
13111,47.83950664426455
13177,36.77660709522539
13123,44.688163473492935
55111,40.72257223549859
55093,38.313678252327264
55063,38.714979324837316
55033,38.00963233997531
55053,41.1551615559754
55047,42.85232379844551
55127,40.414092887125975
55123,40.515670624878325
55059,38.742027942746276
55079,37.05280599243333
55003,41.29989718545174
55085,46.46958842534063
55137,45.31608231395492
55129,46.154580152671755
55065,40.742574257425744
55135,43.116199254755834
55125,48.36539761207479
55089,41.95623227715448
55117,40.80154326339518
55131,41.50659393975036
55007,46.99567704176642
55097,39.261416944554355
55039,41.09016179414524
55061,42.27136145639619
55067,44.81385168586169
55105,39.67299851855479
55023,43.735168309466246
55035,37.938497410316685
55083,43.23121539678355
55041,43.429364726788094
55113,45.60762169344124
55121,39.88340247563155
55095,43.11413105543247
55045,41.60484307359307
55087,38.73241610559651
55001,48.79154302670623
55119,41.6195251437841
55073,40.47072782477965
55037,48.59837019790454
55005,42.74352400318274
55051,49.49076841920168
55081,39.381034743692304
55101,39.87969089862515
55115,42.72593461942836
55027,41.706280809207755
55025,37.50174228774727
55015,39.73203697418595
55055,40.681652490887
55013,47.42461398728428
55017,40.84090135791395
55031,41.631633835457706
55077,45.21015795556697
55009,38.400855062712154
55103,43.21087410155344
55141,42.28336004602802
55139,39.49495366680821
55069,44.539230964375015
55091,43.56854672704817
55049,41.61926682996875
55075,44.9446096654275
55099,46.470451651561675
55043,38.58372052333832
55021,41.241813251755545
55019,37.76824639098177
55109,38.72301432399351
55057,42.79083448870236
55107,44.541261108760054
55133,41.679896981182495
55011,43.31455759343105
55078,34.71619841966638
55071,42.817031944391694
55029,47.92381090067948
05137,45.715416600031986
05113,42.43753756762172
05063,39.24322538003966
05085,37.25951793094982
05019,37.502464157706086
05049,44.27458523683577
05083,41.83345756079382
05091,39.30101486464619
05001,41.044092416790576
05015,42.79615926708949
05141,45.40737382895134
05071,38.59831439536459
05129,44.72617688110646
05051,43.44270822852313
05133,36.411124830951955
05069,39.707709804860535
05079,40.26858108108108
05121,40.316070831941204
05065,45.24455205811138
05127,41.57008073144635
05105,41.47871831659493
05031,36.37583837871152
05023,45.638187728239494
05059,41.272896864173404
05027,38.33968538176237
05103,41.785304935420406
05149,39.805398060072164
05095,43.666169228473365
05093,37.48645789771469
05143,35.011973894902304
05101,45.13169095833871
05013,43.19676238196183
05037,40.4298678360436
05107,39.49325160274435
05047,41.12531752751906
05033,39.22584061842958
05067,40.590824810096294
05021,42.147412548965704
05045,36.04441816724468
05005,47.325765525135935
05081,41.418794355167634
05009,41.25304552254755
05003,41.508572009971
05041,39.985652671419764
05123,39.62362967112107
05097,45.8042510572001
05135,44.467320261437905
05055,38.508108108108104
05147,42.81724683544304
05145,38.69390372430257
05077,41.72451168567235
05029,41.20776168089801
05061,38.95841539160734
05099,41.57404265632574
05119,38.556896846477905
05053,40.66274295099918
05007,36.53926510258256
05087,40.595258204633204
05039,43.56727065201883
05025,42.26835093011564
05035,36.82827650922741
05073,44.74682971014492
05125,39.87625472692078
05017,41.92686301640641
05115,38.0237701335997
05089,46.784952677608715
05117,43.73964276854378
05011,40.26117253553842
05043,38.99269992864591
05109,41.76534801268894
05139,39.86102062975027
05131,38.57411970866875
05075,40.724551993173236
05111,39.74035192111527
05057,39.37599851383987
41063,46.526220865704765
41013,44.094123914112444
41005,40.90911243056336
41007,43.24651949085123
41035,41.31826841349395
41049,37.845040075842455
41029,42.22426497211963
41051,38.70932085058221
41001,44.59985115355992
41003,37.92742845475159
41047,38.00985285407886
41023,47.398666481455756
41011,45.05433653294463
41043,40.22642178359755
41037,44.62485703393062
41069,51.046546546546544
41045,37.59484478754375
41057,44.88041870099128
41039,40.79098430380012
41061,40.64654369293832
41019,44.5513606055145
41009,41.58885662986591
41027,39.04837054144214
41025,43.59407547680238
41041,46.981986309595285
41033,44.5385485843611
41021,46.15010460251046
41017,41.82874876069846
41053,38.93593541267352
41065,41.00082452589761
41055,44.86235955056179
41071,39.56008403361345
41015,50.198691384950926
41059,37.740667094291204
41031,40.21558926109172
41067,37.84256439580313
42007,43.25465902921387
42053,44.46032841175659
42117,42.94639205735262
42043,39.692230299066836
42127,45.26434454157825
42059,41.394474650180776
42065,42.403108808290156
42109,40.74851382146041
42031,41.30108226234456
42033,43.12920320484512
42063,40.8774041606699
42099,41.36365404564315
42023,46.603103215651004
42019,41.99872240528499
42101,37.27944893640662
42057,43.090502408809364
42015,42.39785819670772
42061,42.73487063618643
42009,44.12861259605747
42073,43.07411825240902
42035,40.189972043901435
42037,41.281602118096174
42011,39.87428412684846
42085,42.99950650679924
42107,42.603180554474775
42113,49.42087042532145
42097,42.92824983763196
42021,43.383226311908565
42069,41.60622203992865
42131,42.94760020900202
42029,39.83275459104858
42089,41.22799537208333
42133,40.43193974943103
42047,44.05299231026412
42025,43.486320152067556
42013,42.29102266291277
42111,44.17728430024371
42049,40.39577277850279
42051,43.09155746708542
42067,41.59354682389049
42083,41.93513846153846
42087,42.03706272486887
42091,40.752658214137426
42123,44.124084611262795
42093,42.55787164015359
42045,39.48775026599171
42001,42.3310390354241
42077,39.44522335764843
42095,41.49540593216176
42041,40.694498164739315
42055,41.20626729537436
42079,41.781690961731734
42105,44.080660776957515
42003,41.367749548742026
42017,42.110255145080934
42081,41.317955145235175
42075,40.70818728710162
42027,37.72580595498352
42103,44.941550645953164
42115,44.89947431065265
42125,42.612404224977645
42119,40.43532266322374
42039,42.019851351191676
42121,44.15688402936765
42071,39.55030931386561
42005,43.90824129141886
42129,44.270255862011645
28061,41.20496856497589
28017,38.75466292463311
28145,38.55162241887906
28069,41.431841510983375
28151,38.35553075679245
28055,42.25998492840995
28009,41.3116600072648
28087,38.42640157009984
28073,37.51015897573528
28003,40.35561388791167
28071,35.962124437697845
28015,44.28209510405147
28085,39.6457412233186
28143,35.25373754152824
28097,41.97493606138107
28019,42.341047503045075
28139,38.79037020213491
28109,40.228054380120646
28111,40.57136891338846
28011,37.853304166122506
28149,39.42590511447522
28101,38.348368065467696
28135,38.71047867332898
28125,40.610275399213144
28035,36.23167817135533
28161,41.562272877436406
28023,41.42957338652596
28127,40.00116287793533
28131,39.13623472949389
28121,38.85195561308938
28091,40.468034021080044
28039,36.95122448979592
28095,40.90375014183592
28123,37.482506044659374
28051,37.50617283950616
28105,33.825377619134045
28031,38.99077055162052
28115,37.546248523652636
28163,37.48551700909397
28137,38.930369690335795
28077,39.72842841252184
28007,39.840046219874544
28117,39.7387964658123
28113,38.307905721848904
28029,39.78727952966329
28013,40.830513195459915
28041,39.223612542322975
28005,43.97731153939985
28045,42.516249580114206
28129,41.15713747172657
28021,36.7991766800178
28153,39.29549620968141
28159,41.22361459203565
28053,39.03683035714286
28103,38.5364308342133
28083,36.229500053223575
28027,37.112547459772195
28047,38.022299115724714
28059,39.28663737579813
28107,38.498011230697244
28093,40.59579531931773
28043,39.56238558627999
28141,41.636279213744
28119,39.89237338044759
28157,40.084588644264194
28079,38.51123496884052
28025,40.296231103748184
28037,41.59743290548424
28099,37.29878425716052
28081,38.00426049908703
28133,37.77558741537237
28063,39.841201716738205
28001,41.64079757599452
28057,39.72958529286019
28049,37.45145358868185
28033,37.07421125199384
28067,38.65122323709947
28075,39.34421585160202
28147,40.912221755564886
28065,42.84516534867002
28155,40.05501083703169
28089,37.652711909063534
29083,42.34572030791788
29011,41.51505870342012
29103,41.91917150795656
29117,40.95613055756223
29101,35.2660648884614
29123,41.06105228325613
29125,43.20903759917213
29109,39.54999348194499
29179,44.05661881977671
29145,39.96526203722784
29043,38.477566454088844
29119,38.38787931864956
29005,44.669648065331515
29019,35.69469087846262
29081,41.990421455938694
29037,39.7429570807336
29067,43.72506636329162
29225,37.77326227520712
29093,42.928888888888885
29079,41.240101522842636
29163,40.125887881105896
29201,39.771029258098224
29209,48.22433650475714
29089,40.167183281671846
29221,40.299636069551156
29131,40.58035052109762
29165,38.46468999597771
29021,39.17011583718694
29051,39.6223206723565
29173,42.89484916092735
29003,40.92417570009034
29139,42.39433815254091
29153,46.7950730324831
29127,39.73536628110761
29177,41.073985576505336
29023,40.26616130702951
29105,39.44968227752428
29195,39.778876147796666
29071,40.51962641992171
29041,43.22205763533531
29223,44.27413967218209
29039,42.069691267684156
29017,42.407978241160485
29175,39.58222886697915
29097,37.90185282869577
29149,43.03238674138095
29059,41.40988268752222
29151,40.28608152772677
29073,43.42220862233103
29183,39.11541905666854
29087,45.0888030888031
29055,41.42161371237458
29107,40.752751620398676
29186,41.89214261763719
29045,42.14785934971311
29227,45.09736711376056
29161,38.27476274874924
29085,48.92843671416597
29009,41.57249434183688
29167,39.12463840243865
29025,41.03769401330377
29111,39.92092880523731
29181,41.60565924142083
29219,40.11116721366658
29095,38.247277780859754
29207,41.41171403962101
29169,32.243313627464026
29075,40.31532491249429
29001,35.89851240973839
29189,40.40858273696069
29229,39.98348734211822
29007,40.04179139751063
29053,39.9643119317861
29047,37.90284779234081
29211,41.38495647889636
29147,36.80739634256745
29213,41.757813617508226
29115,41.46476510067113
29135,38.56118274237541
29027,39.570904946025074
29099,39.39680381729244
29113,37.507345839052405
29215,42.077565162611236
29141,42.525282396858486
29077,38.47067754856936
29035,41.48345035105316
29031,38.604582165815074
29133,40.390364188163886
29197,39.41201716738197
29091,40.41825161402897
29121,42.199444334193295
29061,40.49359748731578
29205,41.47723440134907
29203,43.118050453098206
29157,40.654368729096994
29057,43.76828461843672
29199,38.0046919624643
29171,43.21592844974447
29187,39.75637878449751
29049,40.58267523421789
29033,41.91012789491877
29217,40.40927880173127
29015,47.97490099264517
29065,42.50311436460541
29185,45.521868681494084
29129,41.87973458667404
29159,38.84983112496752
29063,40.88021040886268
29069,39.509869211492905
29137,43.51029615918556
29155,39.01075608984499
29510,38.533672016395194
29013,40.96827850605986
29143,40.83725696884517
29029,46.92031098153548
08109,43.96365767878078
08115,45.41637010676157
08017,40.71654833424358
08027,49.855169692186266
08067,41.08495046334999
08111,47.920329670329664
08097,43.78870940507683
08093,46.10267975590343
08003,35.505205445697044
08099,38.46031876437726
08081,38.27343220657984
08059,40.52360087221919
08117,40.07777885266519
08101,40.105584714767495
08013,38.475661872003336
08031,36.791106020123465
08085,43.1972028626222
08037,38.14363197707114
08113,41.12581000122264
08023,45.31360946745563
08014,38.41091321932875
08015,45.83768913342503
08025,40.56459330143541
08043,43.77198520035954
08055,48.76598521096129
08029,44.87994993902829
08045,37.39792877241471
08103,38.75047438330171
08087,37.481285262143935
08073,40.17838975618312
08083,42.62597868846198
08001,35.17776046971421
08079,48.98959687906372
08089,40.3012364591312
08095,42.34466588511137
08091,47.79866720516963
08011,42.01344809037117
08007,45.958229381994435
08107,41.294406739995324
08053,47.84146341463415
08123,35.891313191080215
08069,38.508984334503594
08065,38.42057339731758
08105,41.09558888790272
08047,44.79993592823963
08125,38.653358618624615
08057,45.002873563218394
08063,40.21967028321826
08019,45.226288659793816
08075,40.39461823374537
08121,41.7381825590872
08035,37.597828872802246
08021,39.73308957952469
08041,36.49217313087258
08061,42.28449502133712
08119,45.435481329762084
08051,37.730729584240066
08009,43.107232616587545
08039,41.81050544352576
08077,40.680241229492246
08033,45.30900243309002
08005,37.52832056534518
08071,44.13222114986902
08049,42.81511376636583
37037,44.52175372633275
37001,39.3527954267915
37057,41.0334647900769
37069,40.31305158929468
37155,37.85787559808612
37109,41.32447654771167
37027,42.299958626396354
37063,37.49718807544916
37145,42.13800962268929
37115,43.32475293036084
37151,40.52673195653839
37131,45.975003849509825
37013,43.95216410605609
37159,40.19147289003998
37051,34.913096220965755
37153,39.76773963282696
37093,34.629630300177425
37025,37.335061191113084
37029,40.50510720530044
37169,43.78500142572
37031,45.66106257107077
37005,46.51288497800125
37139,39.35875351546805
37193,42.910585862129444
37003,42.230285089473824
37083,42.10237952409518
37163,39.62210574365271
37189,38.22959574202965
37173,40.61747600028029
37011,44.10913026143419
37045,40.58505109906378
37125,42.91172680412371
37067,38.942989052956484
37077,41.022219280975456
37185,45.25173584714409
37137,48.116218764733624
37033,43.483365775968856
37107,41.28390141021287
37075,43.9837696955337
37073,43.082425185953994
37161,42.869325217443205
37187,44.255181347150256
37007,41.181052114865416
37135,37.47566610091867
37049,39.73142482303527
37195,40.182968423368905
37061,40.26926678129416
37087,44.66861370091628
37081,38.38129358457408
37099,40.19085984796759
37097,39.71003157211533
37091,41.83802846644422
37149,48.75786527697356
37165,39.592395830342014
37085,36.06362152144496
37105,39.197024879004196
37017,42.99795244789438
37039,47.54190549419824
37035,40.49540272389393
37177,42.25771912350598
37113,45.97861007306598
37143,45.73245190522172
37095,44.16730808183107
37071,39.44917137652597
37101,37.62183826234003
37015,44.17607009025175
37167,40.841034296086356
37079,40.335706488205425
37129,40.39190439837422
37147,36.42279602969979
37141,41.014906438312714
37179,37.34618254891415
37121,44.872560812616946
37133,31.671412260404768
37065,41.11398430214486
37119,36.325081325268656
37199,45.01040456029665
37197,42.18344970398493
37023,42.76338619660717
37191,38.68308549431094
37059,42.802642020258595
37111,42.39175190138997
37183,36.86589293921985
37053,40.4709865648525
37103,44.54910287716318
37041,44.247005665925556
37021,42.17820292429678
37157,42.59674761015273
37117,43.62856506238859
37089,44.977635265762196
37127,40.65182718615453
37009,45.865198691320806
37019,48.80506931802268
37123,41.73061494866228
37181,40.06983271584148
37175,47.77315689981097
37171,42.103297438112094
37043,47.941145044964834
37055,44.070172120295055
37047,41.545020537580164
49033,37.698751510269844
49005,30.91935395864026
49013,33.82139632861871
49011,33.04825574362624
49003,34.694661528030544
49027,36.99127995147103
49029,33.67065324975256
49057,34.78262423476152
49025,41.62908952574182
49035,34.7474218764138
49041,36.987280296022206
49017,42.00989902989507
49053,39.71339746333551
49031,43.713995943204864
49043,38.52212599359355
49015,38.08619656412306
49009,44.46842105263158
49001,34.91654247391952
49047,33.34325852129624
49049,29.612572398563426
49055,41.21062338620434
49023,32.73354414579346
49007,38.45188877486194
49021,33.78458761100676
49039,35.89443744141698
49037,36.0606218970473
49051,35.007391980288055
49019,40.91172852163215
49045,32.76128925116594
40001,37.620437956204384
40135,40.1192715725661
40017,36.67192831038528
40095,41.72535585612191
40059,40.24972885032538
40003,42.830410382321986
40081,40.419588840783334
40063,40.016416898862865
40101,38.62801300057356
40115,38.89995823561537
40131,39.375755740382225
40015,38.55500312912871
40097,40.1749391727494
40029,41.090081892629655
40019,38.802810168152824
40055,40.33420868347338
40033,41.764384045181785
40089,39.12871588693957
40005,40.59463584823375
40111,39.81775640192383
40147,40.300793758612
40133,39.42827108582736
40151,37.937677698169
40057,40.26988315114964
40071,39.555124259267764
40011,40.298334924170106
40123,37.8453923309999
40037,39.97747546209558
40125,38.74330504738814
40075,40.550183739090485
40085,39.71969179752267
40103,40.79615488275986
40149,40.039574935873944
40065,37.133917651854865
40093,40.32546860663258
40041,43.996558859773536
40039,35.533599972416646
40045,42.42368489245918
40109,36.63973194019818
40069,39.910690121786196
40031,35.94193740734913
40127,42.715122566690695
40027,36.942784510622715
40145,39.112278414053556
40009,37.27631639141773
40049,39.38876258525495
40035,41.38763965492858
40021,38.21113097807098
40113,41.84839128675767
40141,41.026896551724136
40083,39.22355293578555
40121,40.8002244926009
40067,41.13612129290237
40117,40.664203712750364
40107,39.78704244142416
40087,38.46316153580076
40079,39.49653982709165
40007,39.93353417435512
40043,38.90349621754242
40023,40.842693565976
40129,41.53111917387664
40013,38.88332117928951
40077,41.67239154174526
40139,34.629485062302955
40153,38.456632526841815
40137,40.99694040748209
40143,37.27158231422818
40091,44.70590936925903
40073,38.15604186489058
40053,41.594968843757215
40099,40.90499538122646
40105,41.26558157999206
40061,40.811277421398586
40051,39.489253859655406
40119,34.531179692849456
40025,42.1544220870379
40047,37.86101284067085
51775,40.636022291609024
51121,35.83559141421829
51735,41.32360850786407
51095,44.33380813611595
51179,35.90673853036983
51181,45.54640298972283
51085,41.030167214149174
51167,43.83931392462198
51089,44.517752240045894
51510,38.199067917806154
51540,36.06581898193205
51097,44.768683274021356
51820,39.34997790543526
51063,44.07822718902787
51119,48.610754110754115
51595,40.74953236064347
51157,46.90502035278154
51009,42.838316722037646
51580,41.59732755507403
51057,44.08572993700356
51027,44.559512473814515
51005,44.9814939434724
51133,51.15378255477469
51045,45.1202494640421
51029,42.70795428038255
51073,42.40711684695299
51760,37.81078911281223
51145,42.88071630918656
51610,38.064855989601156
51075,44.886161747989725
51137,41.87166338290466
51079,40.05186941823503
51141,46.30571331213084
51101,39.63645906228132
51113,43.554935525224344
51111,43.45498524106264
51770,39.27444196766287
51550,37.691179774133595
51037,43.16077441077441
51093,42.15926055673825
51061,40.119541714638736
51750,32.72634116937914
51600,37.5691327698905
51087,39.1708159773652
51620,39.5480105434919
51660,32.49324732156331
51530,39.456776782957704
51067,44.333339281253345
51127,41.28002251959638
51019,43.40296466954442
51077,45.489710610932484
51143,44.26844948139312
51071,42.813397129186605
51197,43.17905452517082
51153,35.41703254063593
51169,44.98710933877399
51036,46.696969696969695
51685,35.88516992790937
51013,36.84185659638071
51035,45.27649290054043
51700,36.37656576928442
51017,47.21461297323366
51840,38.27056770425244
51183,41.69083251187383
51049,43.57370116794201
51173,43.459772787669415
51191,44.09639002605136
51161,42.761843586095594
51015,43.385161068318375
51590,41.49443112576166
51670,37.42212259754095
51083,43.85824658665329
51740,37.70356363482277
51171,42.60184336023478
51678,33.51154982540962
51001,43.74851466765689
51003,40.4232598554834
51043,43.787399958957515
51081,40.59341919548343
51053,41.44734445067265
51710,35.171762612156115
51155,44.217356804890244
51051,43.431415002095264
51007,42.40015214910612
51520,42.39106311895955
51023,44.33998623537509
51720,40.23160010047727
51790,41.900328894593294
51830,37.13641834960546
51139,43.11957158396787
51193,44.581737441021374
51163,45.74097372967705
51125,46.05994641661085
51135,41.421940651260506
51690,39.34825553608411
51011,41.902897366601714
51065,42.24239090575725
51195,41.269052778000706
51630,34.745040639206515
51115,48.59327597917138
51099,37.83376807273811
51147,37.865055696868694
51640,40.277138805735
51031,42.13664935774801
51680,35.225282348359464
51109,42.49972067782182
51021,45.126592356687894
51730,38.781407516110505
51175,43.667801032272706
51800,38.5050809918791
51059,38.21114269580282
51105,43.390086666951284
51185,43.423327996058624
51107,35.449247711213964
51199,39.414689513766845
51047,38.79013401767892
51165,40.84432811050911
51187,40.14883975699631
51683,35.2880613362541
51131,45.26131511528607
51091,51.27853881278539
51177,38.280035238409866
51041,38.683012001065755
51025,43.24730454069373
51149,38.18204573305869
51650,38.45959408222437
51069,40.22192737899298
51033,39.66590724165988
51570,40.279217040875075
51810,38.11478663211653
51103,50.52353107611054
51159,43.13543167460933
51117,44.964985124399256
47065,40.13565105327838
47115,41.786902826305045
47185,41.554580362040596
47129,41.44423678923515
47013,42.16477586466542
47123,42.23708239338274
47149,35.28276930947831
47159,40.08304807262985
47169,37.36511875221553
47165,39.22502783833378
47061,41.80114694272735
47003,37.73592420493634
47027,44.49901510177282
47097,39.131042016151056
47105,45.025356957904854
47041,41.050756466569055
47081,40.6986655016284
47141,38.47049660414979
47177,39.8916830195993
47095,41.18187001140251
47089,42.386365721625836
47075,41.041551086454
47099,39.29135517194509
47073,42.96564294016131
47173,41.21289805728019
47009,42.15981906708344
47023,38.944556859571016
47087,44.43297132190734
47127,43.3733045622688
47163,43.135631646752714
47019,43.707985316805875
47179,40.609661835748796
47161,42.214363835216915
47111,38.45638565970247
47069,40.85469061876248
47017,41.23722404292866
47181,42.6597492952678
47107,41.46611146224486
47175,43.49267711171662
47083,41.93476405316426
47055,41.825210426282915
47085,41.6633839199225
47153,42.32610142419806
47145,44.060900678131205
47125,33.35231802022078
47079,43.45663935693307
47043,39.61863275747015
47059,43.016736886302105
47171,44.052507968461676
47031,39.394904458598724
47135,41.52823179791975
47187,37.70573209402211
47035,47.25578321216127
47093,38.77541339490934
47029,42.793939562270864
47067,42.509818731117825
47071,43.352721035396854
47025,41.834475421633975
47143,40.303735640847826
47133,41.69695607211906
47131,41.54953606704579
47147,38.88990851238634
47189,39.207359477937466
47057,42.625
47011,39.72042364258626
47157,37.062262181940014
47121,42.56432136531959
47103,41.365797590641904
47037,36.778907546560944
47007,43.47238449283059
47183,39.8413046087374
47117,39.27476363636364
47091,44.358050371036654
47155,41.90575063613231
47139,43.26069391634981
47077,40.58092968666643
47109,41.873122129680084
47049,42.79684716298656
47005,43.82611386138615
47137,46.59984152139461
47051,41.3630354435178
47167,38.41041250669654
47001,41.69569227571514
47015,40.93514102738792
47033,40.523893183415325
47021,39.8727223547348
47113,39.34293354016982
47045,39.57232433596168
47053,39.80178291575925
47151,39.27433387710712
47039,43.851153219583296
47119,39.042235986180714
47047,43.735103201808776
47063,40.16690793729017
47101,41.881398761004235
56023,39.43318204740293
56013,39.374366419602154
56041,37.12755858795609
56003,41.14715860899067
56017,45.14751869476546
56043,42.32671364509929
56009,39.47829547098828
56037,36.71246723189192
56011,41.49169303797468
56007,39.824324324324316
56005,35.54955654819705
56025,38.48263167121641
56021,38.64814070351759
56031,44.53187179792685
56045,42.868341273278475
56001,34.52829218106995
56029,43.3614098787422
56019,43.70337477797513
56033,41.98458258159751
56027,43.46222410865874
56039,40.28844186839413
56035,41.727901535957685
56015,42.55673302550904
54075,45.6358675882139
54079,41.040832595217005
54103,43.45867905741786
54005,42.37540196672414
54011,40.14758823209528
54051,43.55972617994825
54035,42.30060190369541
54061,36.51809453471197
54057,42.50096769391097
54029,44.190558833738294
54077,42.409039243838244
54031,43.18067653890824
54107,42.11488541392275
54101,44.27015035740695
54027,44.365264293419635
54047,43.45767135724012
54033,41.50926311407161
54001,41.5298339517061
54093,46.731685918993996
54015,42.28796426892336
54045,42.128985914613196
54073,42.23123324396783
54019,42.50193368862897
54037,40.13976481293529
54055,42.19265461724362
54109,42.77473766794156
54007,43.752883857562516
54087,43.50569842197546
54023,44.262275242047025
54063,44.67947269303202
54017,44.05196496212122
54105,42.71379488060471
54095,44.09055988825515
54025,43.63305637297329
54085,44.013292861628635
54083,42.83342045652553
54049,40.7415287487516
54071,46.38298177643851
54089,46.08693231527877
54003,38.7296154265719
54097,41.31419589675712
54091,42.5696316262354
54081,41.8056869453797
54067,43.14426845199217
54053,42.58851259616835
54021,40.786910392432574
54009,44.34764574502029
54013,45.491348994232666
54043,41.59258170415013
54069,42.421627103909586
54065,44.756374412883034
54039,42.28654195953381
54041,42.11472936443076
54059,41.33487021857923
54099,42.688163037409275
22019,37.56290430405632
22111,41.9683372534829
22105,37.27337894596239
22021,39.792397660818715
22107,43.54822335025381
22049,41.31053099593497
22043,38.86296842199294
22061,35.093149629883186
22053,38.58951798010712
22055,37.27988051884283
22113,38.51795466384365
22035,37.735315551668855
22037,42.02613012803763
22087,36.10369570739142
22047,39.81781550859709
22083,39.66598747639401
22099,38.65278583593795
22027,41.87715379706445
22039,37.822877676298845
22097,38.019677560761785
22077,41.959733087896915
22059,39.14175396185871
22119,40.961528429838296
22093,39.79010238907849
22075,37.34508772686123
22067,39.96896357642519
22079,38.59840491176108
22009,39.152251893184534
22127,40.906789413118524
22115,34.58185920006746
22025,40.23941436696861
22007,41.02494175688639
22031,39.88642901358191
22017,39.23880534878686
22081,40.78583274105662
22117,39.75890808330086
22085,41.165340813934016
22051,39.94239444337828
22103,39.80983722385847
22023,40.34217696830633
22033,36.86719962550477
22045,38.0599312616354
22069,37.276744064154315
22109,37.79245163451353
22013,41.88180651008231
22015,37.35843323703745
22003,38.463885745502786
22073,37.61456559606991
22095,38.08352592385088
22091,41.45173707066719
22125,41.73824511819116
22101,39.435357056010375
22057,38.977431515971084
22123,40.686057248384124
22029,39.079287605794704
22063,36.937424088529646
22121,37.81484980162479
22065,37.51821751438225
22071,39.15594754757218
22005,36.26874348361821
22001,38.02014666774115
22089,38.209698681732576
22011,38.016481318505484
22041,39.22183362478141
36101,41.71089023789304
36091,41.63793651000813
36003,40.31029919073138
36075,40.00484956114887
36111,42.77123211299015
36089,39.862678670874324
36097,43.67209524344358
36031,45.36762911752744
36103,40.7018531072375
36041,49.78759057971014
36027,41.41485565125179
36077,42.18060948346865
36109,37.10011743981209
36001,39.70997950940407
36011,42.12105620559967
36039,44.197380690005936
36043,42.32420620036204
36113,43.9798573752033
36045,36.148806380537906
36019,40.61110765981239
36059,40.79389707898158
36053,41.15824417473675
36115,42.60380040520227
36119,40.41662997438776
36049,40.888614237906914
36069,42.14775408327792
36023,38.68670267543767
36085,39.82672432441514
36029,40.699148363669615
36079,41.954129373474366
36057,40.427195709148535
36105,41.287503977091944
36073,41.64165344964313
36065,40.7614083115043
36009,41.15380269847734
36123,40.92626339662024
36107,42.7065950252059
36055,40.13572940399315
36095,43.56537307655086
36007,40.59481962118349
36083,40.44793149942664
36099,41.49832431796801
36081,39.96368049806154
36037,41.73411312849162
36117,41.72830801396829
36063,41.88216799422786
36047,37.45554460461978
36015,41.22108656058282
36121,41.83128026292682
36061,40.530014011122944
36021,45.26894939540202
36013,41.80122613334595
36033,40.586421974331294
36067,39.92994128478615
36017,42.43584637871502
36035,42.19725380739187
36087,37.05158246595188
36051,40.820691737927966
36025,45.11691401382122
36071,37.370213539772436
36093,39.96093342519913
36005,36.59584884294041
26109,45.54872695346795
26007,44.421052631578945
26035,43.94798061389337
26103,40.5325866954527
26089,48.38274895455173
26153,46.83876945885841
26003,46.1957619675011
26123,41.36116782360147
26151,42.67573475831916
26163,38.542804927335574
26159,40.51308852095089
26033,40.99689416048622
26037,40.22344368364848
26149,39.78114953087068
26071,48.331556117838424
26131,52.74562937062937
26013,43.82726276038494
26001,51.96059586737146
26085,47.91748924322957
26139,37.433351608813346
26015,41.11640942323315
26009,46.591622363231004
26075,40.564727777427294
26143,49.72450976310421
26095,43.565259271151064
26053,46.8865831842576
26021,41.401307683783024
26119,49.8119639794168
26135,45.98798689479432
26129,45.60599133209506
26065,36.438469114860844
26087,42.043090164027994
26079,42.30408027497506
26105,43.74650013724951
26155,41.37810105399137
26147,41.998051882761054
26093,41.36370738821323
26157,42.63307493540052
26127,41.904409264366954
26161,37.31883754396751
26059,41.36662646639623
26019,45.94039175954069
26057,40.280071725086586
26165,40.89149891469181
26049,40.2085591146661
26141,49.15255717916138
26025,39.92995624594697
26137,42.49010864277608
26107,39.43953236830599
26063,45.0526774474678
26069,47.54980698053887
26067,38.84815370109897
26081,37.25076298985471
26099,40.56622981056601
26043,43.637148856927766
26117,40.50331830703731
26145,40.78345115698098
26017,42.39185074568974
26011,45.556406638446546
26047,43.71734251084842
26031,46.93531413198291
26051,45.69091123423317
26115,41.35142857142856
26077,37.38995948178945
26055,42.16892617738054
26039,45.76755292608169
26097,47.24354106861745
26111,41.015585165231606
26045,40.96810498059274
26027,42.546951937745
26101,45.59842006678069
26113,41.5902235745469
26125,40.55249033066578
26133,42.07331628303494
26023,40.42222579681504
26005,39.58724943047568
26083,51.14933837429111
26061,37.74865485932071
26029,44.96790727919519
26121,39.71741009183827
26041,44.41853901184887
26073,35.621765514082895
26091,41.138810169525954
18073,39.84235146892319
18151,41.87786899462335
18115,43.725957446808515
18123,40.90500286921592
18007,39.75777320530407
18069,40.18702081051479
18169,41.90805265195509
18003,37.24412139235801
18099,39.577392018677855
18117,41.00590450982388
18111,41.98784324942791
18173,40.13136924981745
18179,39.92073084534917
18171,41.834845735027216
18089,39.40067313019961
18157,34.136518300533375
18091,40.48072582993594
18057,36.89989970740598
18129,41.592559090730326
18031,39.55694868029669
18037,39.843738300262075
18143,39.98265823315043
18137,40.14009320717413
18161,41.68812021548057
18047,40.83908955092715
18005,38.586972869096066
18017,40.33426198625594
18015,41.45376906748285
18107,40.158224216182376
18051,39.86193885736356
18165,41.29281197573881
18065,41.499187025765025
18049,40.73009912886752
18127,39.83469003280728
18055,41.71023118852202
18139,40.879440323261555
18163,39.53757212691029
18081,37.91106235814044
18119,42.19303812683302
18023,38.43260594462792
18059,39.49712158428002
18135,41.515305088181634
18077,40.60700136189178
18167,38.45597825071469
18039,36.8866681851886
18043,39.49229515295077
18087,34.59226536073106
18061,40.75934838948538
18083,39.75427665737553
18131,41.548287865295876
18013,45.77782931354359
18019,39.26188061064056
18109,40.42613741151102
18053,40.37210539920024
18141,38.11415022845497
18149,40.81952598390954
18045,41.66413801541661
18159,42.66444415104304
18025,41.86952822161293
18155,39.889033578271786
18035,38.77154247163447
18147,41.79385510677122
18085,39.07876057188884
18011,37.59578733251773
18075,39.5
18153,41.089941458222455
18181,41.05090863828728
18113,38.90160020107239
18021,40.311344137273586
18079,39.62592392284117
18027,36.39552037420168
18033,39.04933870040254
18067,40.763629094785806
18125,41.86923884090726
18029,40.987929152007766
18071,39.00538084149126
18101,41.628473915163326
18177,40.75956226094348
18145,40.33195466028751
18105,35.927245656230845
18103,40.36059804031985
18095,40.563622471424495
18133,39.65275707898658
18097,36.30418046366198
18121,41.17990198972663
18183,40.63296431515722
18041,41.555882607566446
18001,35.969449646420884
18175,40.11349693251534
18009,42.222401769008336
18063,37.91978791739817
18093,41.852215120123425
25015,39.535814213766095
25025,36.87984306642434
25001,48.51208976947275
25027,39.86143998112258
25019,39.594087200631634
25007,44.862624048003696
25013,39.74893218289263
25003,44.55310379049815
25005,40.51296050897267
25017,39.45333651010518
25009,40.405911532329405
25021,40.45869619044251
25023,41.20333191353832
25011,44.37211456255343
20073,44.06369107321966
20043,40.79013157894737
20157,45.18809318377913
20039,45.947647683056246
20147,43.04891096675583
20111,37.031781894863684
20075,36.35998424576605
20199,41.990118577075094
20161,32.11187897402738
20051,37.35617973592967
20151,40.59722828459188
20101,43.33876221498371
20195,46.315019621833756
20071,40.10064935064935
20113,40.89408590848574
20035,39.59969061533173
20139,41.662361276569065
20115,42.99966341299226
20165,44.71409749670618
20187,38.29112662013958
20059,39.49471500156592
20149,36.41619160890784
20181,39.846881865810374
20001,41.14463578300591
20099,40.59338362728107
20091,38.19673606119512
20021,41.1606901048197
20023,44.54422280767784
20005,38.790269395881296
20029,40.94718870931026
20061,29.50994632143985
20167,43.70361726954493
20009,40.61573373676248
20177,39.96353356890459
20015,38.38161139424011
20089,46.20979506773184
20123,42.236661649105194
20171,39.68194070080863
20189,37.89243391066545
20045,35.50379113194121
20033,42.90588235294118
20145,43.80152790770191
20209,35.5628577818883
20065,46.10556003223208
20129,42.03478933127174
20191,40.436022070415135
20121,39.81975640389053
20063,42.80804248861912
20057,34.12439394390077
20133,40.32916848878616
20107,43.08265484901576
20013,40.65485152655793
20011,39.60733452593918
20027,42.281179705073725
20105,44.388588791357186
20183,45.64080379570193
20127,43.91370106761566
20007,42.46532640614411
20109,41.0873299928418
20017,44.02983383685801
20037,37.10574990983565
20207,43.90248565965584
20087,41.39006459066324
20153,44.70355731225297
20193,38.3012729844413
20143,42.276998597475455
20159,39.915487050435146
20135,44.981818181818184
20205,41.50733137829913
20141,44.06664717918737
20025,41.00200601805416
20081,37.102066532258064
20169,39.80410888167601
20095,42.57746085011186
20185,42.43912415784408
20041,41.442488898516196
20055,33.82507472509393
20125,40.44512865625688
20047,42.17512508934953
20079,40.10189084783177
20179,42.34510115033717
20097,41.09090909090909
20077,41.83443708609272
20201,42.87772844987051
20049,45.27075098814229
20175,32.65288407690872
20131,39.770501417261265
20137,42.64446931542623
20031,42.30504951705587
20093,36.91141219385096
20053,42.54080629301869
20083,43.41304347826087
20119,39.852715100421534
20003,40.96284041740901
20117,41.96445863809621
20203,39.91175082586126
20067,35.95804195804196
20103,38.37472785537806
20019,45.51384615384615
20163,42.90243902439025
20155,40.9800477434756
20069,36.94739478957915
20197,41.91559659500793
20173,37.27101476236432
20085,40.13453800015185
16051,33.49911285192997
16055,40.453080019553774
16045,41.992270318021205
16041,35.58965119631017
16065,27.756007717944218
16033,40.42011834319528
16053,35.02658528592495
16037,47.34878331402086
16019,34.89395441030724
16049,45.74722505549889
16081,37.8874155822764
16077,36.07889597708632
16013,42.04409017853265
16039,35.74104903493148
16009,42.889976338997634
16069,41.025316768956635
16023,42.329226030034654
16003,47.96762925011644
16085,45.123683286516844
16067,36.850040401159745
16017,44.61735061982115
16011,35.73533998419175
16059,46.9009592624891
16001,38.15822270950004
16031,35.07553058676654
16071,39.71021849481351
16035,47.01027866605756
16015,47.21708594049291
16075,39.180702267128716
16079,43.200900481291725
16043,38.94289640430567
16061,44.80875455966649
16005,36.40438228862974
16083,36.878392688597806
16073,39.2046012010488
16087,43.50873062585834
16057,35.77617931584721
16047,38.40918374069439
16029,37.69112508735151
16021,42.136790526745614
16007,39.82367346938775
16063,36.840663436451734
16025,43.98915009041591
16027,35.834930758889534
12053,45.508353960396036
12129,40.10234446782655
12131,42.27028121667049
12127,44.44765798396484
12051,36.437437532720956
12095,36.86723259932886
12011,40.334203887999564
12099,43.84936229347195
12041,41.522925411688725
12086,40.1348557568441
12055,48.9608175407876
12017,50.51657456717695
12093,41.105245683930946
12109,42.04305328859871
12027,42.24657245861951
12043,46.41713127217435
12081,45.84361678648391
12013,41.38071605813542
12069,44.863779493241964
12103,45.733384547218655
12037,44.45237113402062
12101,42.85587610367058
12119,59.94830841262649
12117,39.60982862326366
12007,40.528775575334215
12031,37.890180682951275
12085,48.292173913043484
12029,44.05931296802568
12033,39.146389122758514
12087,45.30582798943795
12035,47.643242585657056
12071,46.102445310462166
12005,41.10758135142096
12107,42.96536546745212
12065,45.2381019233469
12067,39.90726668249822
12047,40.46548378153591
12075,44.217911958171705
12105,40.631165172184
12111,43.76821597516882
12091,38.72790384268618
12023,40.55306475462433
12059,41.54758627720855
12021,47.975923741627746
12003,37.77901403628895
12115,50.97912814530297
12121,42.12540243600424
12123,41.74106356344755
12125,39.72363326114064
12019,39.4800685968657
12079,42.43016276428919
12097,37.055049753693275
12083,45.66212227726429
12063,42.04793812211832
12001,36.60755343941303
12049,37.844563240152944
12089,43.2701269393512
12133,40.38122718172183
12113,39.70575054391172
12009,44.55238046190497
12077,39.92614316495092
12061,48.956472802536226
12039,40.677945685501534
12045,45.303761272820594
12073,36.14749541865647
12057,38.22800223917911
12015,53.23100947541158
02130,39.80807136177253
02188,30.21742553470673
02220,39.87236547745202
02290,36.92351816443594
02020,35.98993055555556
02198,40.643398355634375
02195,41.82088181261482
02275,44.5259792166267
02110,38.69716019265653
02122,40.373305171356535
02068,38.80019074868859
02240,38.27012911649499
02261,38.85557487502717
02090,34.62398166217514
02100,44.48418972332016
02050,30.398781681714347
02164,35.24120603015075
02060,40.77392344497608
02070,32.955044751830755
02170,36.481291025416134
02013,42.83008690440515
02158,27.413158527784454
02185,34.80410903173311
02180,30.993902439024392
02016,40.28895988640399
02150,35.788275119249114
02282,43.036269430051824
02230,41.34911242603551
02105,45.1866852886406
32001,39.958769922517966
32013,37.04990790802686
32003,38.23819271500829
32021,44.15427302996671
32023,47.3425187541646
32005,47.68489929455066
32033,40.65240083507307
32510,41.773678374704915
32011,40.21586988664367
32007,35.69074235476903
32019,41.658581116327596
32015,38.147866955892994
32031,39.29693819337078
32029,50.28401649284502
32017,43.27242909511865
32027,41.38438661710037
32009,50.42497136311569
17067,43.490286875988254
17025,41.43416262135923
17185,41.79296875
17113,36.54578846411726
17005,41.897114330938756
17009,39.163271511097605
17083,41.85279933863042
17147,41.5885340186001
17151,48.55254967680152
17011,42.854634056638474
17029,39.35208707848522
17131,42.730064131631785
17049,39.697306516113855
17035,41.72088054987925
17033,41.5952750843735
17057,42.47845078625509
17135,42.22365735200957
17115,40.92095876318395
17055,41.66635472718293
17023,41.43170779094618
17161,40.56606685978898
17093,35.24218931700131
17031,38.493263508660675
17059,43.8340927920464
17103,42.27583880807133
17037,35.68547241579835
17175,42.80213403219768
17001,41.25429815847788
17075,42.60798849302943
17053,41.214952549957566
17041,39.55432828153095
17163,39.22243401646603
17189,42.32620436379348
17171,42.09190062613614
17159,41.8343324953265
17129,41.93645457527058
17065,42.66227205519961
17193,42.24045209426017
17039,41.90919554930298
17155,43.54643666143928
17169,44.27836879432624
17177,43.15881612656749
17181,42.54764907223924
17091,39.21550672662067
17027,40.81635695649859
17085,46.245349658582526
17199,40.99815306995811
17125,42.94992140130249
17105,41.115097621184916
17191,42.12673450508788
17089,37.826854844920106
17069,45.91782255953938
17063,38.015493399146
17109,38.60686611414326
17127,42.66112401975022
17073,41.83562652055691
17061,41.860050890585235
17157,41.80460638097036
17149,41.572970888760366
17203,40.18547024103591
17145,41.123637406769944
17087,42.8254811951357
17173,43.03910511232319
17051,41.13010873640795
17201,39.71321999348839
17141,41.075291748119184
17139,39.91428177367077
17017,39.76488021733761
17167,40.43865579025233
17179,40.867590267292854
17099,41.34489136736328
17183,40.558700071279596
17007,38.95633497684147
17137,41.718046229722496
17123,43.56670746634027
17079,41.14672216441207
17013,44.41401139480904
17121,40.84088160193522
17187,40.31097126573261
17197,37.844923509901655
17153,42.98219306466729
17119,40.28008183567458
17133,41.319513814706816
17003,43.1612567262628
17043,39.46978343758566
17165,41.71606147035035
17097,38.451334103813885
17117,42.084027066731956
17195,41.88971454463071
17107,40.68788874135159
17081,40.62700350281287
17101,40.64938129863502
17143,38.950702928356556
17019,35.56666301045835
17045,43.230406153487564
17021,42.149981426448726
17095,41.97283647558301
17111,39.394273070499786
17015,44.604334148898985
17047,42.096168881939015
17071,45.450947938609694
17077,37.40625550660793
50011,40.16313104732602
50017,43.63470856984633
50009,46.70063280869705
50021,43.80010654568576
50015,40.70514943616435
50005,42.92921681725736
50003,43.785875387651544
50013,43.938493434692475
50007,38.86461220950822
50027,44.816370636736764
50023,42.14004691057885
50001,42.25872148353591
50025,44.48022358012411
50019,43.450789658615975
09007,43.496928020882066
09011,41.275318054644316
09009,40.5672711659571
09013,39.31205339667332
09003,40.31590073117122
09015,40.716540220239416
09001,39.90198996747698
09005,44.176085353207675
30065,46.01359810058278
30015,41.609582963620234
30059,47.14232008592911
30087,37.30435269105965
30097,44.94219962536794
30049,40.98656239198065
30073,40.74809676873626
30033,42.43322734499205
30011,44.14456869009585
30031,36.39899854938218
30051,42.783055198973045
30093,40.67535443219248
30013,39.78869552392892
30029,41.43201741710499
30027,43.89502262443438
30007,44.214205547538874
30003,34.18559951948344
30089,48.16857921241642
30053,47.20695695695696
30039,48.99023379698136
30017,41.821522539905274
30083,38.37230398963251
30109,44.549019607843135
30037,44.4177831912302
30009,46.71095571095571
30101,41.43623310810811
30005,36.477623110312834
30045,45.913801694070756
30077,43.969521044992746
30067,44.80109598940142
30085,33.429025808796794
30025,38.835910049191845
30055,44.66225961538462
30095,43.66251814976146
30099,41.95526272978689
30021,41.26506443747823
30075,46.61058263971463
30035,34.50345379189994
30047,41.78971042090748
30041,36.35846881824799
30103,45.08189655172414
30061,46.89765749374574
30111,39.31007439553627
30043,43.56820227477293
30023,45.82877461706783
30107,43.50047036688617
30081,45.329795005250425
30105,42.77879935100054
30069,47.08213552361396
30071,42.55639858371269
30063,38.55464046822742
30091,43.69537624660018
30019,45.718934911242606
30079,47.74744661095635
30057,47.34651162790698
30001,42.150745794985724
34037,42.06516570810318
34007,39.23974324294974
34039,38.636415435856776
34009,45.84809700235769
34005,40.81999285953263
34023,39.14624476705993
34017,37.04344198539242
34025,41.50355933709872
34035,40.56057750186967
34029,41.43961981995632
34015,39.94308658738976
34011,38.48391260441258
34027,41.17054153239334
34013,37.83761694671297
34003,40.94568988266493
34041,42.26309289710925
34031,38.051151195832816
34033,41.21319227378376
34019,43.057762661713745
34001,40.992528539462214
34021,39.082110878262526
27095,40.39479392624729
27045,41.278967104950866
27073,45.6894156726559
27085,40.821915136656166
27153,41.74335063250081
27105,37.66392343612741
27001,49.33853707667129
27057,44.14508398864642
27063,43.190331098923416
27039,38.25083596063819
27047,42.64231696443314
27121,43.79615965863632
27143,41.03632694248235
27109,38.32605358417618
27067,39.822519039792596
27133,40.73161567364466
27161,40.13883516011175
27033,41.74053233297606
27071,46.04162237304767
27165,40.632192346517385
27171,36.75863040823258
27027,35.58623213229111
27139,36.38921436384746
27005,41.09798681114372
27107,41.65176470588236
27025,39.77055091111544
27089,42.1826263924593
27169,38.91753822993424
27007,37.14039586335509
27083,37.89640417680772
27049,41.71730686232197
27061,43.7291158874363
27093,41.088579795021964
27065,42.38532166248393
27077,45.644385026737964
27081,43.34066323816279
27111,43.467844619208115
27021,44.735820544679136
27037,38.34780115658675
27075,45.62794850108072
27003,38.54605641024204
27099,39.469672008387
27101,44.147913107151574
27123,37.39753162245308
27167,41.6077009827614
27059,39.62365750320229
27009,37.318178483210644
27159,40.72935243385471
27113,40.299808768326365
27157,42.96823415175476
27163,39.01447950007621
27035,42.86019521942971
27155,44.239950905185644
27173,41.692038314965494
27131,38.176088514603116
27145,37.297066583889496
27141,36.480450029823736
27079,40.05068023678471
27137,41.1797608881298
27031,47.51345414607359
27051,43.090924313462835
27023,41.007627118644066
27043,43.10195561415074
27017,40.483175824482174
27115,43.410122046046176
27149,37.248852626211125
27069,43.64029781293625
27091,43.32550932276584
27097,41.273198346612354
27117,40.571663379355684
27129,41.78141325268078
27087,36.69784693323683
27053,38.14460877059794
27015,41.6393154190659
27103,38.49384372994106
27041,42.796518182533234
27151,42.21638247355925
27147,39.830500150072304
27125,41.801479654747226
27029,41.041165797232935
27011,44.81005810458825
27013,36.066855867441205
27119,39.56870934829741
27127,41.135464733025714
27055,42.78279569892473
27019,37.39076401906954
27135,40.44675239037257
38099,42.037120571374864
38085,31.28368794326241
38013,40.91016548463356
38071,40.66047399947912
38081,42.47203694202154
38035,35.19844206706886
38057,41.768535483082935
38021,40.450328407224966
38003,43.055208833413346
38015,38.65561667328969
38101,35.58547330760929
38009,43.175581025151224
38005,34.15895784543326
38089,36.10698974244975
38011,41.8015873015873
38047,44.28648648648649
38029,46.02190681888307
38083,49.2509505703422
38097,40.95719263315081
38049,41.67798085291558
38045,45.17103311913001
38043,44.13709677419355
38063,45.52726641194859
38091,43.56084656084657
38103,46.17318727177882
38039,46.05647691618108
38087,44.41333333333334
38023,43.830830388692576
38051,48.56187424909891
38001,46.13808664259928
38019,44.248803827751196
38105,32.881108835031526
38017,35.51442643316128
38007,42.74892241379311
38061,34.80844001896633
38055,43.371957671957674
38031,43.12305295950156
38067,43.8681076312307
38077,39.508190641033565
38037,46.48109058927
38053,32.170726837060705
38073,42.22134917592948
38095,44.80950205573321
38075,42.28792436613665
38093,41.32380216383308
38033,44.35661555934129
38065,42.045941807044414
38025,38.91116636528029
38079,33.872178329571106
38059,39.15198954215024
38069,43.13836477987422
38027,42.71928290336685
38041,41.079631852741095
24047,46.35610987833805
24001,41.723926380368106
24510,38.177905272203404
24015,39.82878809975208
24005,39.97848604614622
24013,40.68783653018456
24009,39.661172656038914
24019,42.61542798083247
24003,38.74757524592824
24021,38.78364612189701
24033,38.050529677442775
24027,38.349304553409695
24023,44.08106431377956
24031,39.31812393403179
24035,41.93519382306822
24041,46.698501923025205
24045,37.98673860378924
24039,39.49980480949406
24025,39.934669845482915
24037,37.57113910668664
24029,45.357017814849144
24017,37.97784474785154
24043,40.221603585591424
24011,39.57618391905646
19053,39.139135959339264
19031,42.02925860310302
19027,41.02752293577983
19151,43.24414564133554
19109,43.49024505501924
19085,41.507794149049765
19187,39.97989081996435
19101,43.01229844219732
19121,39.99179826172114
19089,41.01779864599258
19147,41.67702003151024
19159,43.3281569268492
19045,41.20383811841737
19025,42.81919735208936
19195,42.25538544912614
19013,38.08117170116133
19039,39.90526875997871
19065,41.983460559796434
19181,38.38916954882835
19001,42.94798657718121
19037,41.73099807257186
19081,42.70931326434619
19061,39.60304590436847
19157,41.267725897103325
19165,43.18473895582329
19011,41.14954182101775
19185,41.5885732029188
19097,42.29811204280056
19113,38.76450998209133
19059,45.139993046702976
19043,43.941706080118514
19021,37.78261977573904
19129,40.96617909855053
19049,35.61261810749789
19125,39.73644483204523
19123,39.555102964471594
19007,42.61483985192339
19177,42.24346961953435
19103,35.05306338494112
19197,42.00358223212864
19137,42.19713623071493
19175,41.204313373090436
19107,42.086375170798355
19169,34.50213659812391
19131,41.700547893444174
19075,41.773544800523226
19191,41.69561302586163
19153,36.87431680611065
19161,43.16243184857525
19127,39.336356016154845
19055,41.412732937511024
19051,37.65888888888889
19067,41.96835443037975
19009,44.05877001455604
19105,42.40882936028238
19083,43.25074201590883
19015,41.4049706487764
19099,41.161220922414955
19149,39.82638916471382
19155,39.80974400789649
19173,41.839078581931055
19145,43.61018071092871
19035,43.75967957276368
19057,41.57848949110786
19163,39.054376297392785
19111,41.97221974626377
19071,43.127155172413794
19095,41.193339100346016
19023,42.66174942863079
19063,42.32200260642919
19193,37.243921363244
19041,41.60695554445554
19047,39.02259215219976
19019,39.50602125147579
19143,42.751930177912044
19033,42.664546525323914
19073,42.29984248424842
19179,39.92687809202437
19087,40.6218302094818
19119,38.56954487452148
19003,43.77956690727373
19133,43.59315147997678
19091,42.08683825068006
19115,41.20933393747168
19171,40.845971282781534
19135,41.36486311145712
19139,38.935238139883744
19117,42.097674418604655
19079,41.73972788194679
19069,41.85998013902682
19017,40.06599632910382
19141,41.037664509561544
19077,43.0637103564412
19183,40.319826997496016
19167,36.80447568498064
19005,42.34229560897202
19189,41.73391925825768
19093,41.44897959183673
19029,43.04199127454035
45023,40.82520779059671
45081,41.73745909246325
45089,42.23709167544784
45035,38.01846335276306
45015,37.46448770770534
45047,39.949894790357426
45069,40.837774714756094
45009,42.26446751030854
45031,40.711909694076674
45003,41.13385458120698
45059,40.461247833108615
45071,41.04773673257024
45063,39.27454393305439
45007,40.10525874070636
45013,44.578153464985796
45077,38.568637495665335
45055,40.476581869543665
45045,38.74271596166115
45041,39.235145668978184
45085,38.357839600453524
45075,40.753524804177545
45083,38.77675625811092
45067,41.094334083569834
45019,39.71426522705066
45037,42.266324284666176
45073,43.414716013375916
45029,41.15041006449558
45049,40.686400998855476
45001,42.589962082602845
45051,44.48412086499982
45021,39.340314136125656
45057,41.61826102926172
45005,41.83943370165746
45061,41.16597337770383
45027,43.540080011853604
45039,43.58410524902671
45033,38.802880671938055
45053,41.419412762278455
45065,50.9955616612068
45087,41.96577097671694
45079,36.49127980392487
45017,44.21603793032365
45091,38.30984877873435
45011,40.206172721173196
45043,46.026643267389915
45025,40.838773274917855
23001,40.51196468317371
23023,43.834002677376176
23029,44.64348768284522
23027,44.06785849175374
23031,43.15757485275067
23019,41.65747167231906
23011,42.549827476247316
23017,44.43742992669254
23021,46.77420315758117
23015,46.5396142518912
23005,41.73027392941767
23009,45.353519922890875
23013,45.44652016494016
23007,43.58366171065267
23003,44.85631198270077
23025,43.50186197607162
15003,39.759482968263725
15005,62.406976744186046
15007,41.49967493394934
15009,40.97629870323802
15001,41.96543647308114
33009,42.58852324054914
33019,43.79135956983266
33005,42.24643490832622
33007,45.451668092386655
33013,41.72613959878724
33003,47.89991821713351
33015,42.303661760860514
33011,40.351345842575384
33017,38.9261595462096
33001,44.280312545878665
04027,38.13040081950727
04021,40.58417118816567
04017,38.88435325087447
04011,36.033480732785854
04013,38.008583600086865
04019,40.322677147159446
04003,41.878178554978476
04005,35.59432936519
04007,45.629808582324415
04009,35.7921312150784
04015,47.43413406478431
04025,48.21433949102293
04012,50.231239340534394
04023,38.39930749709665
04001,37.303949253689815
10003,39.349132801076685
10005,45.93747465044295
10001,39.06044715851891
11001,36.692964495876005
44009,42.914020879619684
44007,38.978093096124624
44001,42.501041688153634
44005,43.74124655831973
44003,42.415205852993466
